callsign,actype,adep,ades,eobt,rfl,gs,dep_rwy,arr_rwy,sid,star,approach,route
MAS367,B738,WMKK,VTSP,2026-09-27T00:00:00Z,320,440,,RW27,,URGA1D,,DUBAX R325 URGAD
SJX323,A339,RCTP,VTBS,2026-09-27T00:00:00Z,360,490,,RW19,,EAST1C,R19,BUTRA A1 UBL Y20 GRASO Y13 RUKSA
TLM332,B739,VTCC,VTBD,2026-09-27T00:00:00Z,330,445,RW36,RW21R,PANT2C,NAKO3A,R21R,PANTA Y7 BLAFF DCT NAKON
CES707,B789,WSSS,ZPPP,2026-09-27T00:05:00Z,360,475,,,,,,ABTOK M644 RYN N891 BKK Y27 IKISU W22 CTR A581 PONUK
CSZ589,A20N,ZGSZ,VTBS,2026-09-27T00:05:00Z,360,460,,RW19,,EAST1C,R19,SAV A202 RAMEI W42 PAKRI Y13 RUKSA
SAS104,B77W,EKCH,VTBS,2026-09-27T00:10:00Z,310,475,,RW19,,WILA1C,R19,BETNO P646 TARED
TLM765,B738,VTSP,VTBD,2026-09-27T00:10:00Z,370,440,RW27,RW21R,IGEV1B,SABA3A,R21R,IGEVI Y5 EGUBO Y99 HOTEL DCT SABAI
AIQ1206,A21N,VTSG,VTBD,2026-09-27T00:20:00Z,330,450,RW14,RW21R,OSPE1G,SABA3A,R21R,OSPEX Y99 HOTEL DCT SABAI
THA782,A21N,VTBS,WSSS,2026-09-27T00:25:00Z,350,445,RW20L,,BUT1G,,,BUT Y11 PASVA
AIQ2191,A20N,VTUL,VTBD,2026-09-27T00:30:00Z,340,450,RW19,RW21R,BOVG1B,NAKO3A,R21R,BOVGO B218 CMP W21 NOBER DCT NAKON
KAL981,B77W,RKSI,VTBS,2026-09-27T00:30:00Z,340,490,,RW19,,EAST1C,R19,BUTRA A1 UBL Y20 GRASO Y13 RUKSA
CSZ847,A20N,ZGSZ,VTBS,2026-09-27T00:40:00Z,180,450,,RW19,,EAST1C,R19,SAV A202 RAMEI W42 PAKRI Y13 RUKSA
THA732,A320,VTBS,VVNB,2026-09-27T00:40:00Z,330,455,RW20L,,UGUV1G,,,UGUVO Y27 PIBAN Y29 PSL W26 CMP W21 UDN R470 VTN
SIA899,B78X,VTBS,WSSS,2026-09-27T00:45:00Z,390,480,RW20L,,BUT1G,,,BUT Y11 PASVA
AIC3293,A20N,VTSP,VIDP,2026-09-27T00:50:00Z,360,455,RW27,,SATV1B,,,SATVA L759 TAVUN
AIQ6046,A320,VTCC,VTSP,2026-09-27T00:55:00Z,380,455,RW36,RW27,PANT2C,SAVS1D,,PANTA Y7 BKK Y8 SAVSA
RNA347,A320,WMKK,VNKT,2026-09-27T00:55:00Z,340,445,,,,,,DUBAX R325 PUT L515 IKULA
VJC270,A21N,VTBS,VVNB,2026-09-27T01:00:00Z,290,445,RW20L,,UGUV1G,,,UGUVO Y27 PIBAN Y29 PSL W26 CMP W21 UDN R470 VTN
AIQ657,A320,VTBS,VTSG,2026-09-27T01:05:00Z,340,455,RW20L,RW32,VANK1G,NULM1E,R32,VANKO Y8 SAPUD W32 NULMA
AIQ956,A320,VTUD,VTBD,2026-09-27T01:05:00Z,340,460,RW12,RW21R,ANPU1B,ENDU3A,R21R,Y22/Y23 KKN Y23 KRT Y20 UBLOD DCT ENDUU
TLM442,B738,VTBD,VTPP,2026-09-27T01:05:00Z,220,450,RW21L,RW32,UGUV3C,,R32,UGUVO Y27 PIBAN
KAL401,B77W,VTBS,RKSI,2026-09-27T01:10:00Z,350,475,RW20L,,LIPL1G,,,LIPLI Y16 BUTRA
THA425,B789,VTBS,RJTT,2026-09-27T01:10:00Z,390,490,RW20L,,LIPL1G,,,LIPLI Y16 BUTRA
AIQ5129,A21N,VTBD,VTSG,2026-09-27T01:15:00Z,360,440,RW21L,RW32,SABI3C,NULM1E,R32,SABIS Y8 SAPUD W32 NULMA
AIQ737,A320,VTBD,VTST,2026-09-27T01:15:00Z,320,440,RW21L,RW08,SABI3C,,R08,SABIS Y8 SAPUD W24 TRN
MMA171,A319,VVTS,VYYY,2026-09-27T01:20:00Z,360,460,,,,,,VAPVU P629 BKK L507 LUDVI
THA974,A320,VTBS,WSSS,2026-09-27T01:20:00Z,350,455,RW20L,,BUT1G,,,BUT Y11 PASVA
TVJ952,A321,VTBS,VTSG,2026-09-27T01:20:00Z,340,455,RW20L,RW32,VANK1G,NULM1E,R32,VANKO Y8 SAPUD W32 NULMA
CPA679,B77W,VHHH,VTBS,2026-09-27T01:25:00Z,380,485,,RW19,,EAST1C,R19,SAV A202 RAMEI W42 PAKRI Y13 RUKSA
CSH407,B738,ZSPD,VTBS,2026-09-27T01:25:00Z,280,455,,RW19,,EAST1C,R19,SAV A202 RAMEI W42 PAKRI Y13 RUKSA
MMA408,A319,VTBS,VYYY,2026-09-27T01:25:00Z,320,440,RW20L,,TARE1G,,,TARED G463 BETNO
AIQ683,A320,VTBD,VTSP,2026-09-27T01:30:00Z,380,445,RW21L,RW27,SABI3C,SAVS1D,,SABIS Y8 SAVSA
CAL569,B738,RCKH,VTBS,2026-09-27T01:30:00Z,340,450,,RW19,,EAST1C,R19,BUTRA A1 UBL Y20 GRASO Y13 RUKSA
KXP758,A319,VYYY,WMKK,2026-09-27T01:30:00Z,330,445,,,,,,EKAVO M626 VALSI M757 KARMI
BKP993,AT76,VTSM,VTSP,2026-09-27T01:35:00Z,140,280,RW17,RW27,DORN1A,SAVS1D,,DORNA W32 SAPUD Y8 SAVSA
KAL186,B77W,VTBS,RKSI,2026-09-27T01:35:00Z,330,485,RW20L,,LIPL1G,,,LIPLI Y16 BUTRA
MMA369,A319,VYYY,ZGGG,2026-09-27T01:35:00Z,350,460,,,,,,BOMAS A581 BIGVO R202 PAE W25 NAN R215 TOMIP
BKP175,AT76,VTSP,VTSM,2026-09-27T01:40:00Z,150,270,RW27,RW17,EMRI1B,,R17,EMRIT Y99 AKVUG Y93 SMU
HVN28,A359,VVTS,LFPG,2026-09-27T01:40:00Z,260,485,,,,,,VAPVU P629 VAPVU
THA890,A21N,VAAH,VTBS,2026-09-27T01:40:00Z,350,450,,RW19,,WILA1C,R19,NURDA L524 IBETO
BKP446,A319,VTSM,VTBS,2026-09-27T01:45:00Z,130,455,RW17,RW19,OLBA1A,LEBI1C,R19,OLBAG Y17 DONSI M769 LEBIM
BKP689,AT76,VTSS,VTSP,2026-09-27T01:45:00Z,140,275,RW26,RW27,PADP1C,EPGO1D,,PADPA W14 EPGOT
CSC4220,A21N,ZUTF,WMKK,2026-09-27T01:45:00Z,340,455,,,,,,VTN R470 UDN W21 BKK M904 BUT Y11 PASVA
CSC9046,A21N,VTSP,ZUTF,2026-09-27T01:45:00Z,350,445,RW27,,EMRI1B,,,EMRIT Y99 BKK Y27 IBUBU W25 NAN R215 TOMIP
TGW960,A20N,WSSS,VTSP,2026-09-27T01:45:00Z,380,450,,RW27,,URGA1D,,DUBAX R325 URGAD
TGW995,E290,VTSG,WSSS,2026-09-27T01:45:00Z,370,445,RW14,,TUNR1G,,,TUNRA W32 TRN W14 HTY A334 PASVA
TLM801,B739,VTBD,VTSP,2026-09-27T01:45:00Z,360,455,RW21L,RW27,SABI3C,SAVS1D,,SABIS Y8 SAVSA
AIQ941,A320,VTSP,VTCC,2026-09-27T01:50:00Z,370,455,RW27,RW36,IGEV1B,MARN2A,R36,IGEVI Y5 EGUBO Y99 BKK Y26 MARNI
THA208,B772,VTBS,RCTP,2026-09-27T01:50:00Z,370,490,RW20L,,LIPL1G,,,LIPLI Y16 BUTRA
AIQ239,A320,VTBD,VTSG,2026-09-27T01:55:00Z,340,445,RW21L,RW32,SABI3C,NULM1E,R32,SABIS Y8 SAPUD W32 NULMA
BKP705,A319,VTSM,VTBS,2026-09-27T01:55:00Z,290,450,RW17,RW19,OLBA1A,LEBI1C,R19,OLBAG Y17 DONSI M769 LEBIM
HVN605,A321,VDTI,VLVT,2026-09-27T01:55:00Z,280,460,,,,,,PAK B202 UBL R470 VTN
KAL598,A333,RKSI,VTBS,2026-09-27T01:55:00Z,320,480,,RW19,,EAST1C,R19,BUTRA A1 UBL Y20 GRASO Y13 RUKSA
QFA582,A333,VTBS,ZSPD,2026-09-27T01:55:00Z,350,495,RW20L,,SELK1R,,,SELKA A1 SANOT Y15 GUROK A202 SAV
AIQ9047,A320,VTSP,VTBS,2026-09-27T02:00:00Z,370,460,RW27,RW19,EMRI1B,LEBI1C,R19,EMRIT Y99 NONEL Y98 LEBIM
APZ297,B789,VTBS,RKSI,2026-09-27T02:00:00Z,310,480,RW20L,,LIPL1G,,,LIPLI Y16 BUTRA
HKE683,A21N,VTBS,VHHH,2026-09-27T02:00:00Z,350,445,RW20L,,SELK1R,,,SELKA A1 SANOT Y15 GUROK A202 SAV
SIA752,B38M,WSSS,ZUCK,2026-09-27T02:00:00Z,370,460,,,,,,GOLUD M751 BKK B346 YAKUA
TGW220,A320,VTBS,WSSS,2026-09-27T02:00:00Z,370,440,RW20L,,BUT1G,,,BUT Y11 PASVA
UAE943,B77W,VDSA,VTBS,2026-09-27T02:00:00Z,180,480,,RW19,,TUMG1C,R19,BOKAK B205 OLDIR P629 NUGPA
UAE983,B77W,VHHH,OMDW,2026-09-27T02:00:00Z,300,480,,,,,,SAV A202 OKENA W43 CMP G473 MAKAS
CCA641,A321,VTBS,ZUTF,2026-09-27T02:05:00Z,350,455,RW20L,,NOBE1R,,,NOBER B346 YAKUA
NOK170,B738,VTBD,VTSE,2026-09-27T02:05:00Z,300,455,RW21L,RW24,SABI3C,,R24,SABIS Y8 MENEX W34 CPN
SIA339,A359,EDDM,WSSS,2026-09-27T02:05:00Z,370,485,,,,,,EKAVO M626 IKOGA Y24 PASVA
SWR138,B77W,VTBS,LSZH,2026-09-27T02:05:00Z,320,480,RW20L,,NUNL1R,,,NUNLI L507 LUDVI
TVJ698,A321,VTCC,VTBS,2026-09-27T02:05:00Z,350,455,RW36,RW19,PANT2C,NORT1C,R19,PANTA Y7 BLAFF DCT NORTA
CSH766,B738,ZSPD,VTBS,2026-09-27T02:10:00Z,340,450,,RW19,,EAST1C,R19,SAV A202 RAMEI W42 PAKRI Y13 RUKSA
TLM786,B738,VTCT,VTBD,2026-09-27T02:10:00Z,370,460,RW21,RW21R,DUBE1B,NAKO3A,R21R,DUBEN Y28 BLAFF DCT NAKON
TVJ501,A320,VTSB,VTBS,2026-09-27T02:15:00Z,330,455,RW04,RW19,NIXE1D,LEBI1C,R19,NIXET Y99 NONEL Y98 LEBIM
CCA741,A321,WSSS,ZUCK,2026-09-27T02:20:00Z,350,455,,,,,,GOLUD M751 BKK B346 YAKUA
JAL90,B789,VTBS,RJTT,2026-09-27T02:20:00Z,330,480,RW20L,,LIPL1G,,,LIPLI Y16 BUTRA
MXD245,B38M,OPLA,WMKK,2026-09-27T02:20:00Z,290,460,,,,,,TAVUN L759 PUT B579 DALAN
TLM584,B739,VTBD,RCTP,2026-09-27T02:20:00Z,350,445,RW21L,,UPKU3C,,,UPKUP Y16 BUTRA
BKP520,AT76,VTSM,VTBS,2026-09-27T02:25:00Z,170,280,RW17,RW19,OLBA1A,LEBI1C,R19,OLBAG Y17 DONSI M769 LEBIM
ESR225,B38M,RKSI,VTBS,2026-09-27T02:25:00Z,320,460,,RW19,,EAST1C,R19,BUTRA A1 UBL Y20 GRASO Y13 RUKSA
AIQ1594,A20N,VRMM,VTBD,2026-09-27T02:30:00Z,370,460,,RW21R,,WEHA3A,R21R,PUMOR L877 MIGAR L524 IBETO
TLM115,B738,VTCT,VTBD,2026-09-27T02:30:00Z,350,450,RW21,RW21R,DUBE1B,NAKO3A,R21R,DUBEN Y28 BLAFF DCT NAKON
BKP248,A319,VTCC,VTSM,2026-09-27T02:35:00Z,350,440,RW36,RW17,PANT2C,,R17,PANTA Y7 BKK M757 MABKO W33 SMU
PAL220,B77W,VTBS,RPLL,2026-09-27T02:40:00Z,350,480,RW20L,,GOME1G,,,GOMES B204 AGEDO
JAL525,B788,VTBS,RJBB,2026-09-27T02:45:00Z,330,485,RW20L,,LIPL1G,,,LIPLI Y16 BUTRA
AIQ3169,A320,VTUU,VTBD,2026-09-27T02:50:00Z,160,445,RW23,RW21R,ASAB1A,ENDU3A,R21R,Y20 UBLOD DCT ENDUU
IGO4998,A21N,VTBS,VIDP,2026-09-27T02:50:00Z,360,460,RW20L,,TARE1G,,,TARED P646 BETNO
AFR628,A359,LFPG,VTBS,2026-09-27T02:55:00Z,310,475,,RW19,,WILA1C,R19,BETNO P646 TARED
AIQ4237,A320,VMMC,VTBD,2026-09-27T02:55:00Z,340,455,,RW21R,,ENDU3A,R21R,SAV A202 RAMEI Y20 UBLOD
BKP588,AT76,VTSP,VTSM,2026-09-27T03:00:00Z,170,270,RW27,RW17,EMRI1B,,R17,EMRIT Y99 AKVUG Y93 SMU
BKP751,A319,VTSG,VTBS,2026-09-27T03:00:00Z,330,450,RW14,RW19,OSPE1G,LEBI1C,R19,OSPEX Y99 NONEL Y98 LEBIM
MJJ758,B739,VTCT,VTBD,2026-09-27T03:00:00Z,350,460,RW21,RW21R,DUBE1B,NAKO3A,R21R,DUBEN Y28 BLAFF DCT NAKON
AIQ940,A20N,VTUU,VTBD,2026-09-27T03:05:00Z,140,455,RW23,RW21R,ASAB1A,ENDU3A,R21R,Y20 UBLOD DCT ENDUU
CQH4790,A320,VTCC,ZSPD,2026-09-27T03:05:00Z,350,460,RW36,,MONL2C,,,MONLO R207 NAN R215 TOMIP
QTR5554,B77W,RPLL,OTHH,2026-09-27T03:05:00Z,300,475,,,,,,TUPGO M633 TANEK
RTP207,F2TH,VTPM,VTBD,2026-09-27T03:10:00Z,230,445,,RW21R,KADA1B,NAKO3A,R21R,KADAV W26 IGPOP Y7 BLAFF DCT NAKON
TLM511,B739,VTBD,VTSS,2026-09-27T03:10:00Z,320,455,RW21L,RW26,KASN3C,OBLE1A,R26,KASNI M757 OBLEX
AIQ9969,A320,VVCR,VTBD,2026-09-27T03:20:00Z,280,460,,RW21R,,SEHN3A,R21R,VAPVU P629 NUGPA
THY270,A359,LTFM,VVTS,2026-09-27T03:20:00Z,370,480,,,,,,LUDVI L507 BKK R468 BOKAK
MAS999,B38M,WMKK,VGHS,2026-09-27T03:25:00Z,340,455,,,,,,RIGTO M769 SORTO M626 EKAVO
THA191,B789,VTBS,RJTT,2026-09-27T03:25:00Z,410,495,RW20L,,LIPL1G,,,LIPLI Y16 BUTRA
TVJ2298,A321,VTSG,VTBS,2026-09-27T03:25:00Z,310,445,RW14,RW19,OSPE1G,LEBI1C,R19,OSPEX Y99 NONEL Y98 LEBIM
CQH7210,A20N,ZLXY,VTBS,2026-09-27T03:30:00Z,340,460,,RW19,,NORT1C,R19,YAKUA B346 NOBER
TVJ441,A321,VTBS,VTCC,2026-09-27T03:30:00Z,360,450,RW20L,RW36,OLVU1G,MARN2A,R36,OLVUK Y26 MARNI
MAS523,A359,LFPG,WMKK,2026-09-27T03:40:00Z,350,485,,,,,,TAVUN L759 PUT B579 DALAN
TUA232,A332,VVTS,UTAA,2026-09-27T03:40:00Z,340,495,,,,,,VAPVU P629 BKK G463 BETNO
TVJ3404,B38M,VTSP,VTBS,2026-09-27T03:40:00Z,370,445,RW27,RW19,EMRI1B,LEBI1C,R19,EMRIT Y99 NONEL Y98 LEBIM
AIQ8302,A320,VTUD,VTBD,2026-09-27T03:45:00Z,320,455,RW12,RW21R,ANPU1B,ENDU3A,R21R,Y22/Y23 KKN Y23 KRT Y20 UBLOD DCT ENDUU
AIQ8839,A20N,VTBS,VTUK,2026-09-27T03:45:00Z,250,455,RW20L,RW03,SELK1R,,R03,SELKA Y14 KRT Y23 KKN Y23/Y22
AIQ2374,A320,VTBS,VTSP,2026-09-27T03:50:00Z,340,445,RW20L,RW27,VANK1G,SAVS1D,,VANKO Y8 SAVSA
AIQ9414,A320,VOMM,VTBD,2026-09-27T04:00:00Z,330,440,,RW21R,,WEHA3A,R21R,PUMOR L877 MIGAR L524 IBETO
IRM316,A343,OIIE,VTBS,2026-09-27T04:00:00Z,310,475,,RW19,,WILA1C,R19,BETNO G463 TARED
NOK311,B738,VTCC,VTBD,2026-09-27T04:00:00Z,290,445,RW36,RW21R,PANT2C,NAKO3A,R21R,PANTA Y7 BLAFF DCT NAKON
NOK605,B738,VTPP,VTBD,2026-09-27T04:00:00Z,210,450,RW32,RW21R,PEBL1B,NAKO3A,R21R,PEBLI Y28 BLAFF DCT NAKON
TVJ6602,A320,VTCC,VTSP,2026-09-27T04:00:00Z,380,445,RW36,RW27,PANT2C,SAVS1D,,PANTA Y7 BKK Y8 SAVSA
AIQ4165,A320,VTBD,VTSP,2026-09-27T04:05:00Z,360,445,RW21L,RW27,SABI3C,SAVS1D,,SABIS Y8 SAVSA
NOK952,B738,VTBD,VTCN,2026-09-27T04:05:00Z,330,445,RW21L,RW02,UGUV3C,,R02,UGUVO Y27 IBUBU W25 NAN
THA228,A320,VYYY,VTBS,2026-09-27T04:05:00Z,310,450,,RW19,,WILA1C,R19,BETNO P646 TARED
THA288,B772,VTBS,RCTP,2026-09-27T04:05:00Z,390,480,RW20L,,LIPL1G,,,LIPLI Y16 BUTRA
UAE606,A359,VVTS,OMDB,2026-09-27T04:05:00Z,300,490,,,,,,VAPVU P629 BKK
ALK617,A332,RJAA,VCBI,2026-09-27T04:10:00Z,360,475,,,,,,BUTRA A1 UBL Y20 BKK L301 TANEK
CEB794,A339,RPLL,OMDB,2026-09-27T04:10:00Z,340,480,,,,,,TUPGO M633 TANEK
TWB249,B77W,VTBS,RKSI,2026-09-27T04:15:00Z,350,490,RW20L,,LIPL1G,,,LIPLI Y16 BUTRA
HVN578,A321,VVTS,VTBS,2026-09-27T04:20:00Z,280,450,,RW19,,TUMG1C,R19,VAPVU P629 NUGPA
TUA518,B77L,UTAA,WMKK,2026-09-27T04:20:00Z,330,475,,,,,,IKULA L515 PUT B579 DALAN
CQH8333,A20N,ZLXY,VTBS,2026-09-27T04:25:00Z,340,445,,RW19,,NORT1C,R19,YAKUA B346 NOBER
FDX2296,B763,ZGGG,WMKP,2026-09-27T04:25:00Z,300,495,,,,,,SAV B460 ROT W38 RAMEI Y20 BKK M757 KARMI
BKP405,A319,VTBS,VDTI,2026-09-27T04:30:00Z,330,455,RW20L,,GOME1G,,,GOMES N506 BOKAK
OMA894,B38M,OOMS,VTSP,2026-09-27T04:30:00Z,330,450,,RW27,,UBNE1D,,SAPAM L645 UBNEN
AIQ3956,A21N,WSSS,VTBD,2026-09-27T04:35:00Z,360,440,,RW21R,,SEHN3A,R21R,ABTOK M644 ALUMO Y12 ALEMI
ETD631,A21N,OMAA,VTSP,2026-09-27T04:35:00Z,350,445,,RW27,,UBNE1D,,SAPAM L645 UBNEN
SNY175,B738,VTSE,VTBD,2026-09-27T04:35:00Z,270,450,RW06,RW21R,OMNI,SABA3A,R21R,CPN W34 MENEX W42 EGUBO Y99 HOTEL DCT SABAI
AIQ327,A20N,VTUL,VTBD,2026-09-27T04:40:00Z,320,450,RW19,RW21R,BOVG1B,NAKO3A,R21R,BOVGO B218 CMP W21 NOBER DCT NAKON
BKP1097,AT76,VTSM,VTBD,2026-09-27T04:40:00Z,150,275,RW17,RW21R,OLBA1A,SABA3A,R21R,OLBAG Y17 DONSI M769 GOKEX Y96 EMTIX Y99 HOTEL DCT SABAI
MMA423,A319,VYYY,VVTS,2026-09-27T04:40:00Z,370,450,,,,,,LUDVI L507 BKK N506 BOKAK
SBI1684,B738,UHWW,VTBS,2026-09-27T04:40:00Z,340,440,,RW19,,NORT1C,R19,VTN R470 UDN W21 NOBER
AIQ450,A20N,VTUK,VTBD,2026-09-27T04:45:00Z,280,450,RW21,RW21R,EMRU1B,ENDU3A,R21R,Y22/Y23 KKN Y23 KRT Y20 UBLOD DCT ENDUU
AIQ998,A320,VTCC,VTBS,2026-09-27T04:45:00Z,310,455,RW36,RW19,PANT2C,NORT1C,R19,PANTA Y7 BLAFF DCT NORTA
AMU901,A21N,VTBS,VMMC,2026-09-27T04:45:00Z,310,450,RW20L,,SELK1R,,,SELKA A1 SANOT Y15 GUROK A202 SAV
TLM590,B739,VTBD,RCKH,2026-09-27T04:45:00Z,350,445,RW21L,,UPKU3C,,,UPKUP Y16 BUTRA
IGO9643,A21N,VIDP,VTSP,2026-09-27T04:50:00Z,350,450,,RW27,,SATV1D,,TAVUN L759 SATVA
LKY976,C130,VTBD,VTUW,2026-09-27T04:50:00Z,230,285,RW21L,RW15,ROBK3C,,R15,ROBKA A1 SELKA Y14 KRT Y23 KKN Y23/Y22
THA740,A320,VTUK,VTBS,2026-09-27T04:55:00Z,360,440,RW21,RW19,EMRU1B,EAST1C,R19,Y22/Y23 KKN Y23 KRT Y20 UBLOD DCT EASTE
AIQ214,A320,VTUO,VTBD,2026-09-27T05:00:00Z,240,460,RW22,RW21R,OMNI,ENDU3A,R21R,W38 RAMEI Y20 UBLOD DCT ENDUU
VJC225,A321,VVTS,VTBS,2026-09-27T05:00:00Z,260,450,,RW19,,TUMG1C,R19,VAPVU P629 NUGPA
AIQ3760,A320,VLVT,VTBD,2026-09-27T05:05:00Z,340,455,,RW21R,,NAKO3A,R21R,VTN R470 UDN W21 NOBER
AIQ7795,A320,VTBD,VMMC,2026-09-27T05:05:00Z,350,455,RW21L,,ROBK3C,,,ROBKA A1 SANOT Y15 GUROK A202 SAV
BKP782,AT76,VDSA,VTBS,2026-09-27T05:05:00Z,180,285,,RW19,,TUMG1C,R19,BOKAK B205 OLDIR P629 NUGPA
THA182,A359,VTBS,WSSS,2026-09-27T05:05:00Z,410,480,RW20L,,BUT1G,,,BUT Y11 PASVA
TLM569,B738,VTCC,VTBD,2026-09-27T05:10:00Z,330,440,RW36,RW21R,PANT2C,NAKO3A,R21R,PANTA Y7 BLAFF DCT NAKON
CQH8791,A320,VTBS,ZUTF,2026-09-27T05:15:00Z,310,455,RW20L,,NOBE1R,,,NOBER B346 YAKUA
SIA205,B38M,WSSS,LTFM,2026-09-27T05:15:00Z,320,445,,,,,,DUBAX R325 PUT L759 TAVUN
CQH1700,A320,ZUTF,VTBS,2026-09-27T05:20:00Z,320,455,,RW19,,NORT1C,R19,YAKUA B346 NOBER
DKH441,A21N,ZSPD,VTBS,2026-09-27T05:20:00Z,320,455,,RW19,,EAST1C,R19,SAV A202 RAMEI W42 PAKRI Y13 RUKSA
ETH384,A359,VHHH,HAAB,2026-09-27T05:20:00Z,320,485,,,,,,BUTRA A1 UBL Y20 BKK M502 AKATO
NOK369,B738,VTSF,VTBD,2026-09-27T05:20:00Z,350,455,RW01,RW21R,TAWI1A,SABA3A,R21R,NKS Y94 DOXAS M769 GOKEX Y96 EMTIX Y99 HOTEL DCT SABAI
SNY112,B738,VTBD,VTBU,2026-09-27T05:20:00Z,110,445,RW21L,RW18,KIGO3C,,R18,KIGOB
TLM205,B739,VTSP,VTBD,2026-09-27T05:20:00Z,330,445,RW27,RW21R,IGEV1B,SABA3A,R21R,IGEVI Y5 EGUBO Y99 HOTEL DCT SABAI
AIQ8516,A320,VVTS,VTBD,2026-09-27T05:25:00Z,320,450,,RW21R,,SEHN3A,R21R,VAPVU P629 NUGPA
CES249,B738,VTBS,ZPPP,2026-09-27T05:25:00Z,310,455,RW20L,,UGUV1G,,,UGUVO Y27 IKISU W22 CTR A581 PONUK
MXD660,B738,WMKK,VTSP,2026-09-27T05:25:00Z,320,450,,RW27,,URGA1D,,DUBAX R325 URGAD
TLM849,B739,VTBD,RCTP,2026-09-27T05:25:00Z,350,460,RW21L,,UPKU3C,,,UPKUP Y16 BUTRA
UAL364,B789,VTBS,VHHH,2026-09-27T05:25:00Z,370,495,RW20L,,SELK1R,,,SELKA A1 SANOT Y15 GUROK A202 SAV
MXD644,B38M,WMKK,OPKC,2026-09-27T05:30:00Z,340,445,,,,,,DUBAX R325 PUT L759 TAVUN
PAL506,B77W,RPLL,OERK,2026-09-27T05:30:00Z,260,480,,,,,,TUPGO M633 TANEK
SIA550,B38M,WSSS,LTFM,2026-09-27T05:30:00Z,280,460,,,,,,DUBAX R325 PUT L759 TAVUN
ETD881,B77W,VTBS,OMAA,2026-09-27T05:35:00Z,360,480,RW20L,,PAST1G,,,PASTO L301 TANEK
IGO8880,A20N,VOHS,VTBS,2026-09-27T05:35:00Z,370,440,,RW19,,WILA1C,R19,NURDA L524 IBETO
KAL567,B789,RKSI,VTSP,2026-09-27T05:35:00Z,380,475,,RW27,,SAVS1D,,SAKDA R575 SMU W32 SAPUD Y8 SAVSA
MJJ380,A320,VVPQ,VTBD,2026-09-27T05:35:00Z,320,440,,RW21R,,SEHN3A,R21R,SAKDA R334 RYN
SBI9362,B738,UHWW,VTBS,2026-09-27T05:35:00Z,320,455,,RW19,,NORT1C,R19,VTN R470 UDN W21 NOBER
MMA451,A319,VYYY,ZGGG,2026-09-27T05:40:00Z,350,450,,,,,,BOMAS A581 BIGVO R202 PAE W25 NAN R215 TOMIP
THA363,A320,VTSP,VTBS,2026-09-27T05:40:00Z,310,455,RW27,RW19,EMRI1B,LEBI1C,R19,EMRIT Y99 NONEL Y98 LEBIM
TVJ430,A321,VTBS,RCTP,2026-09-27T05:40:00Z,290,455,RW20L,,LIPL1G,,,LIPLI Y16 BUTRA
CPA472,A21N,VTBS,VHHH,2026-09-27T05:45:00Z,350,445,RW20L,,SELK1R,,,SELKA A1 SANOT Y15 GUROK A202 SAV
MXD626,B738,VTBD,WMKK,2026-09-27T05:45:00Z,370,450,RW21L,,KIGO3C,,,KIGOB Y11 PASVA
AIQ8243,A320,VTUD,VTBD,2026-09-27T05:50:00Z,160,450,RW12,RW21R,ANPU1B,ENDU3A,R21R,Y22/Y23 KKN Y23 KRT Y20 UBLOD DCT ENDUU
ETD134,B77L,OMAA,VDTI,2026-09-27T05:50:00Z,330,490,,,,,,NURDA L524 BKK N506 BOKAK
FDX4886,B763,VTBS,ZGGG,2026-09-27T05:50:00Z,330,480,RW20L,,SELK1R,,,SELKA A1 SANOT Y15 GUROK A202 SAV
JDL578,A321,ZGSZ,VTBS,2026-09-27T05:50:00Z,340,455,,RW19,,EAST1C,R19,SAV A202 RAMEI W42 PAKRI Y13 RUKSA
JJA9893,B738,VTBS,RKPK,2026-09-27T05:50:00Z,310,440,RW20L,,LIPL1G,,,LIPLI Y16 BUTRA
TAX450,A333,VTBD,RJBB,2026-09-27T05:50:00Z,370,475,RW21L,,UPKU3C,,,UPKUP Y16 BUTRA
THA458,A359,WSSS,VTBS,2026-09-27T05:50:00Z,380,480,,RW19,,TUMG1C,R19,ABTOK M644 ALUMO Y12 ALEMI
AIQ332,A320,VTBD,VTSR,2026-09-27T05:55:00Z,360,455,RW21L,RW02,SABI3C,,R02,SABIS Y8 MENEX W34 RAN
AMU633,A321,VTBS,VMMC,2026-09-27T05:55:00Z,310,450,RW20L,,SELK1R,,,SELKA A1 SANOT Y15 GUROK A202 SAV
THA699,B77W,VTBS,RJBB,2026-09-27T05:55:00Z,310,480,RW20L,,LIPL1G,,,LIPLI Y16 BUTRA
AIQ3262,A320,VTCC,VTSP,2026-09-27T06:00:00Z,360,450,RW36,RW27,PANT2C,SAVS1D,,PANTA Y7 BKK Y8 SAVSA
AIQ366,A320,VTBD,VVDN,2026-09-27T06:05:00Z,330,455,RW21L,,UPKU3C,,,UPKUP Y16 BUTRA
MMA531,A319,VYYY,WSSS,2026-09-27T06:05:00Z,350,445,,,,,,EKAVO M626 IKOGA DCT PASVA
AIQ351,A20N,VTCN,VTBD,2026-09-27T06:10:00Z,320,450,RW02,RW21R,OMNI,NAKO3A,R21R,W29 PSL Y28 BLAFF DCT NAKON
DKH218,B38M,ZSPD,VTSP,2026-09-27T06:10:00Z,360,450,,RW27,,SAVS1D,,SAV A202 RAMEI W42 MENEX Y8 SAVSA
SBI1102,B738,VTBS,UIII,2026-09-27T06:10:00Z,330,455,RW20L,,UGUV1G,,,UGUVO Y27 PIBAN Y29 PSL W26 CMP W21 UDN R470 VTN
TLM279,B739,VTBD,VTCT,2026-09-27T06:10:00Z,340,450,RW21L,RW03,UGUV3C,,R03,UGUVO Y27 IKISU W22 BENVI
TLM306,B738,VTCT,VTBD,2026-09-27T06:10:00Z,250,455,RW21,RW21R,DUBE1B,NAKO3A,R21R,DUBEN Y28 BLAFF DCT NAKON
ABY603,A20N,OMSJ,VTBS,2026-09-27T06:15:00Z,330,450,,RW19,,WILA1C,R19,BETNO G463 TARED
AIQ1930,A320,VTCN,VTBD,2026-09-27T06:15:00Z,300,440,RW02,RW21R,OMNI,NAKO3A,R21R,W29 PSL Y28 BLAFF DCT NAKON
AIQ6278,A320,VTSR,VTBD,2026-09-27T06:20:00Z,350,445,RW02,RW21R,SAKU1A,SABA3A,R21R,RAN W34 MENEX W42 EGUBO Y99 HOTEL DCT SABAI
ETD842,A35K,OMAA,VTBS,2026-09-27T06:20:00Z,390,490,,RW19,,WILA1C,R19,NURDA L524 IBETO
MMA557,A319,WSSS,VYYY,2026-09-27T06:20:00Z,380,450,,,,,,KADAX M626 EKAVO
CSC9751,A21N,WMKK,ZUTF,2026-09-27T06:25:00Z,330,440,,,,,,RIGTO M769 BKK B346 YAKUA
JAL655,B788,RJAA,VTBS,2026-09-27T06:25:00Z,300,490,,RW19,,EAST1C,R19,BUTRA A1 UBL Y20 GRASO Y13 RUKSA
THA964,A320,VTSP,VTBS,2026-09-27T06:25:00Z,330,445,RW27,RW19,EMRI1B,LEBI1C,R19,EMRIT Y99 NONEL Y98 LEBIM
AIQ5006,A320,VTSP,VTBD,2026-09-27T06:30:00Z,350,450,RW27,RW21R,IGEV1B,SABA3A,R21R,IGEVI Y5 EGUBO Y99 HOTEL DCT SABAI
TVJ694,B38M,VTBS,VTUU,2026-09-27T06:30:00Z,270,455,RW20L,RW05,SELK1R,VENP1C,R05,SELKA A1
AIC1867,A20N,VTBS,VIDP,2026-09-27T06:35:00Z,320,455,RW20L,,TARE1G,,,TARED P646 BETNO
AIC5917,A21N,WSSS,VIDP,2026-09-27T06:35:00Z,320,455,,,,,,DUBAX R325 PUT L759 TAVUN
AIQ9487,A320,VTUI,VTBD,2026-09-27T06:35:00Z,340,450,RW05,RW21R,OMNI,ENDU3A,R21R,Y22/Y23 KKN Y23 KRT Y20 UBLOD DCT ENDUU
LKY84,C130,VTBD,VTSS,2026-09-27T06:35:00Z,240,280,RW21L,RW26,KASN3C,OBLE1A,R26,KASNI M757 OBLEX
THA347,A320,VTCC,VTBS,2026-09-27T06:35:00Z,310,445,RW36,RW19,PANT2C,NORT1C,R19,PANTA Y7 BLAFF DCT NORTA
BKP567,AT76,VTSM,VTSP,2026-09-27T06:40:00Z,120,285,RW17,RW27,DORN1A,SAVS1D,,DORNA W32 SAPUD Y8 SAVSA
CHH913,B38M,VTSP,ZBAA,2026-09-27T06:40:00Z,350,440,RW27,,EMRI1B,,,EMRIT Y99 BKK R474 VTN
EVA981,B77W,RCTP,VTBS,2026-09-27T06:45:00Z,360,485,,RW19,,EAST1C,R19,BUTRA A1 UBL Y20 GRASO Y13 RUKSA
MXD507,B738,VTBD,WMKK,2026-09-27T06:45:00Z,370,445,RW21L,,KIGO3C,,,KIGOB Y11 PASVA
THA939,A320,VTBS,VTSS,2026-09-27T06:45:00Z,320,450,RW20L,RW26,KASN1G,OBLE1A,R26,KASNI M757 OBLEX
BKP675,A319,VTSP,VTBS,2026-09-27T06:55:00Z,310,445,RW27,RW19,EMRI1B,LEBI1C,R19,EMRIT Y99 NONEL Y98 LEBIM
AIQ6429,A21N,VTBD,VTCC,2026-09-27T07:00:00Z,340,460,RW21L,RW36,OLVU3C,MARN2A,R36,OLVUK Y26 MARNI
BKP975,AT76,VTSM,VTSP,2026-09-27T07:00:00Z,120,275,RW17,RW27,DORN1A,SAVS1D,,DORNA W32 SAPUD Y8 SAVSA
CSN668,A21N,VTBS,ZGGG,2026-09-27T07:00:00Z,330,450,RW20L,,SELK1R,,,SELKA A1 SANOT Y15 GUROK A202 SAV
GIA7634,B738,WIII,VTBS,2026-09-27T07:00:00Z,380,450,,RW19,,TUMG1C,R19,ABTOK M644 ALUMO Y12 ALEMI
BKP353,A319,VTBS,VTSM,2026-09-27T07:05:00Z,280,450,RW20L,RW17,KASN1G,,R17,KASNI M757 MABKO W33 SMU
CPA815,B77W,VTBS,VHHH,2026-09-27T07:05:00Z,370,495,RW20L,,SELK1R,,,SELKA A1 SANOT Y15 GUROK A202 SAV
ABL8127,A21N,VTBS,RKSI,2026-09-27T07:10:00Z,350,445,RW20L,,LIPL1G,,,LIPLI Y16 BUTRA
CCA661,A321,VTBS,ZUTF,2026-09-27T07:10:00Z,330,450,RW20L,,NOBE1R,,,NOBER B346 YAKUA
CBY820,AT75,VTSS,VTBD,2026-09-27T07:15:00Z,190,260,RW26,RW21R,DAND1C,SABA3A,R21R,DANDO M769 GOKEX Y96 EMTIX Y99 HOTEL DCT SABAI
SIA246,B78X,VTBS,WSSS,2026-09-27T07:20:00Z,330,495,RW20L,,BUT1G,,,BUT Y11 PASVA
AIQ3756,A21N,VTBD,VTSP,2026-09-27T07:25:00Z,360,450,RW21L,RW27,SABI3C,SAVS1D,,SABIS Y8 SAVSA
LAO667,A320,VLVT,VLPS,2026-09-27T07:30:00Z,170,450,,,,,,VTN R470 UBL B202 PAK
AIQ360,A20N,VTBD,VTUL,2026-09-27T07:35:00Z,330,455,RW21L,RW19,NOBE4C,,R19,NOBER W21 CMP B218 BOVGO
AIQ606,A21N,VTBD,VTSG,2026-09-27T07:35:00Z,340,445,RW21L,RW32,SABI3C,NULM1E,R32,SABIS Y8 SAPUD W32 NULMA
AIQ8256,A320,VTCC,VTSP,2026-09-27T07:35:00Z,340,445,RW36,RW27,PANT2C,SAVS1D,,PANTA Y7 BKK Y8 SAVSA
NOK117,B738,VTSP,VTBD,2026-09-27T07:35:00Z,310,455,RW27,RW21R,IGEV1B,SABA3A,R21R,IGEVI Y5 EGUBO Y99 HOTEL DCT SABAI
THA493,B77W,VTBS,VHHH,2026-09-27T07:35:00Z,370,490,RW20L,,SELK1R,,,SELKA A1 SANOT Y15 GUROK A202 SAV
TVJ462,B38M,VTSP,VTBS,2026-09-27T07:35:00Z,310,450,RW27,RW19,EMRI1B,LEBI1C,R19,EMRIT Y99 NONEL Y98 LEBIM
CHH3747,A20N,ZJHK,VTBS,2026-09-27T07:40:00Z,260,450,,RW19,,EAST1C,R19,SAV A202 RAMEI W42 PAKRI Y13 RUKSA
QTR129,A388,VTBS,OTHH,2026-09-27T07:40:00Z,260,495,RW20L,,PAST1G,,,PASTO L301 TANEK
SEJ801,A20N,VIDP,VTSP,2026-09-27T07:40:00Z,310,455,,RW27,,SATV1D,,TAVUN L759 SATVA
SIA309,A359,EBBR,WSSS,2026-09-27T07:45:00Z,370,480,,,,,,TAVUN L759 PUT W14 HTY A334 PASVA
SIA890,B77W,LFPG,WSSS,2026-09-27T07:45:00Z,310,495,,,,,,TAVUN L759 PUT B579 DALAN
THA447,A320,VTBS,RCKH,2026-09-27T07:45:00Z,310,445,RW20L,,LIPL1G,,,LIPLI Y16 BUTRA
ALK560,A21N,VCBI,VTBS,2026-09-27T07:50:00Z,350,455,,RW19,,WILA1C,R19,PUMOR L877 MIGAR L524 IBETO
THA657,A21N,VTBS,VDSA,2026-09-27T07:50:00Z,190,460,RW20L,,GOME1G,,,GOMES N506 BOKAK
TLM607,B738,VTBD,VTSF,2026-09-27T07:50:00Z,360,445,RW21L,RW19,KASN3C,,R19,KASNI M757 LOSDA Y94 NKS
TLM169,B739,WSSS,VTBD,2026-09-27T07:55:00Z,360,445,,RW21R,,SEHN3A,R21R,ABTOK M644 ALUMO Y12 ALEMI
AIQ3784,A21N,VTBD,VTSS,2026-09-27T08:00:00Z,360,455,RW21L,RW26,KASN3C,OBLE1A,R26,KASNI M757 OBLEX
THA878,A359,VTBS,LIMC,2026-09-27T08:05:00Z,340,480,RW20L,,TARE1G,,,TARED P646 BETNO
THA656,A320,VCBI,VTBS,2026-09-27T08:10:00Z,330,450,,RW19,,WILA1C,R19,PUMOR L877 MIGAR L524 IBETO
AIQ353,A320,VTBD,VTSP,2026-09-27T08:15:00Z,340,450,RW21L,RW27,SABI3C,SAVS1D,,SABIS Y8 SAVSA
TVJ507,B38M,VTBS,VTCC,2026-09-27T08:15:00Z,340,445,RW20L,RW36,OLVU1G,MARN2A,R36,OLVUK Y26 MARNI
AIQ9014,A21N,VTBD,VTSB,2026-09-27T08:25:00Z,300,450,RW21L,RW22,SABI3C,IKER1A,R22,SABIS Y8 IKERA
BKP8136,A319,VTBS,VTSM,2026-09-27T08:25:00Z,300,450,RW20L,RW17,KASN1G,,R17,KASNI M757 MABKO W33 SMU
CAL745,A21N,RCTP,VTCC,2026-09-27T08:30:00Z,360,460,,RW36,,MONL2A,R36,VTN R207 MONLO
ETD468,B77W,RPLL,OMAA,2026-09-27T08:30:00Z,360,480,,,,,,TUPGO M633 TANEK
TLM358,B739,VECC,VTBD,2026-09-27T08:30:00Z,330,445,,RW21R,,WEHA3A,R21R,BETNO P646 TARED
CAL708,A21N,RCTP,VTCC,2026-09-27T08:35:00Z,340,445,,RW36,,MONL2A,R36,VTN R207 MONLO
TLM812,B738,VTSG,VTBD,2026-09-27T08:35:00Z,370,445,RW14,RW21R,OSPE1G,SABA3A,R21R,OSPEX Y99 HOTEL DCT SABAI
KZR506,A21N,VTSP,UAAA,2026-09-27T08:40:00Z,340,445,RW27,,SUSI1B,,,SUSID G331 PADET
AJX691,B77W,RJAA,VTBS,2026-09-27T08:45:00Z,380,480,,RW19,,EAST1C,R19,BUTRA A1 UBL Y20 GRASO Y13 RUKSA
BKP859,A319,VTSM,VTBS,2026-09-27T08:50:00Z,270,455,RW17,RW19,OLBA1A,LEBI1C,R19,OLBAG Y17 DONSI M769 LEBIM
CPA695,A333,VCBI,VHHH,2026-09-27T08:50:00Z,370,485,,,,,,AKATO M502 BKK A1 SANOT Y15 GUROK A202 SAV
TVJ802,A321,VTBS,VTCC,2026-09-27T08:50:00Z,320,450,RW20L,RW36,OLVU1G,MARN2A,R36,OLVUK Y26 MARNI
AET217,A320,VTUW,VTBD,2026-09-27T08:55:00Z,320,440,RW15,RW21R,OMNI,ENDU3A,R21R,Y22/Y23 KKN Y23 KRT Y20 UBLOD DCT ENDUU
TLM871,B738,VTSS,VTBD,2026-09-27T08:55:00Z,350,460,RW26,RW21R,DAND1C,SABA3A,R21R,DANDO M769 GOKEX Y96 EMTIX Y99 HOTEL DCT SABAI
THA728,A320,VYYY,VTBS,2026-09-27T09:00:00Z,350,440,,RW19,,WILA1C,R19,BETNO P646 TARED
BOX746,B77L,EDDP,WSSS,2026-09-27T09:10:00Z,310,475,,,,,,EKAVO M626 IKOGA Y24 PASVA
LKY694,C130,VTBD,VTUW,2026-09-27T09:10:00Z,230,285,RW21L,RW15,ROBK3C,,R15,ROBKA A1 SELKA Y14 KRT Y23 KKN Y23/Y22
SIA216,B38M,ZUCK,WSSS,2026-09-27T09:10:00Z,360,440,,,,,,YAKUA B346 BKK M904 BUT Y11 PASVA
TVJ953,A321,VTCC,VTBS,2026-09-27T09:10:00Z,310,450,RW36,RW19,PANT2C,NORT1C,R19,PANTA Y7 BLAFF DCT NORTA
TGW172,E290,WSSS,VTSM,2026-09-27T09:15:00Z,400,445,,RW17,,,R17,KADAX M626 IKOGA Y95 RUMVA
THY48,B789,VTBS,LTFM,2026-09-27T09:15:00Z,400,485,RW20L,,TARE1G,,,TARED P646 BETNO
BKP186,A320,VTSP,VTBS,2026-09-27T09:20:00Z,350,445,RW27,RW19,EMRI1B,LEBI1C,R19,EMRIT Y99 NONEL Y98 LEBIM
HIM775,A320,WMKK,VNKT,2026-09-27T09:20:00Z,340,455,,,,,,DUBAX R325 PUT L515 IKULA
THA271,A320,VTBS,WADD,2026-09-27T09:20:00Z,350,450,RW20L,,BUT1G,,,BUT M904 TIDAR
AIQ4011,A320,VTBS,VTCC,2026-09-27T09:25:00Z,340,455,RW20L,RW36,OLVU1G,MARN2A,R36,OLVUK Y26 MARNI
SIA277,A388,EGLL,WSSS,2026-09-27T09:30:00Z,290,495,,,,,,EKAVO M626 IKOGA Y24 PASVA
SIA844,B38M,ZUCK,WSSS,2026-09-27T09:30:00Z,340,460,,,,,,YAKUA B346 BKK M904 BUT Y11 PASVA
UAE681,A388,VTBS,OMDB,2026-09-27T09:30:00Z,400,495,RW20L,,PAST1G,,,PASTO L301 TANEK
AIQ4327,A20N,VTUL,VTBD,2026-09-27T09:35:00Z,320,450,RW19,RW21R,BOVG1B,NAKO3A,R21R,BOVGO B218 CMP W21 NOBER DCT NAKON
MMA400,A319,ZGGG,VYYY,2026-09-27T09:35:00Z,340,440,,,,,,TOMIP R215 NAN R202 BIGVO A581 BOMAS
NOK995,B738,VTBD,VTSB,2026-09-27T09:35:00Z,360,445,RW21L,RW22,SABI3C,IKER1A,R22,SABIS Y8 IKERA
UAE298,B77W,RPLL,OMDB,2026-09-27T09:35:00Z,340,495,,,,,,TUPGO M633 TANEK
NOK970,B738,VTBD,VTCC,2026-09-27T09:45:00Z,360,450,RW21L,RW36,OLVU3C,MARN2A,R36,OLVUK Y26 MARNI
TLM610,B738,VTBD,VTUD,2026-09-27T09:50:00Z,310,450,RW21L,RW30,ROBK3C,ANPU1C,R30,ROBKA A1 SELKA Y14 KRT Y23 KKN Y23/Y22
TLM977,B739,VTBD,VTSS,2026-09-27T09:50:00Z,360,445,RW21L,RW26,KASN3C,OBLE1A,R26,KASNI M757 OBLEX
THA490,A320,VTUK,VTBS,2026-09-27T09:55:00Z,240,440,RW21,RW19,EMRU1B,EAST1C,R19,Y22/Y23 KKN Y23 KRT Y20 UBLOD DCT EASTE
UBG405,A333,VGHS,WMKK,2026-09-27T09:55:00Z,330,485,,,,,,EKAVO M626 IKOGA DCT PASVA
TVJ838,A321,VTBS,VTSG,2026-09-27T10:00:00Z,340,445,RW20L,RW32,VANK1G,NULM1E,R32,VANKO Y8 SAPUD W32 NULMA
MAS40,B38M,WMKK,VGHS,2026-09-27T10:05:00Z,320,455,,,,,,RIGTO M769 SORTO M626 EKAVO
TLM572,B738,VTBD,VTUW,2026-09-27T10:05:00Z,370,445,RW21L,RW15,ROBK3C,,R15,ROBKA A1 SELKA Y14 KRT Y23 KKN Y23/Y22
TLM796,B738,VTSF,VTBD,2026-09-27T10:05:00Z,310,450,RW01,RW21R,TAWI1A,SABA3A,R21R,NKS Y94 DOXAS M769 GOKEX Y96 EMTIX Y99 HOTEL DCT SABAI
AXM7584,A320,VTSG,WMKK,2026-09-27T10:10:00Z,350,445,RW14,,TUNR1G,,,TUNRA W32 TRN W14 HTY A464 KARMI
MTL501,E135,VTBD,VTUD,2026-09-27T10:10:00Z,270,405,RW21L,RW30,ROBK3C,ANPU1C,R30,ROBKA A1 SELKA Y14 KRT Y23 KKN Y23/Y22
SEJ645,A21N,VTBS,VIDP,2026-09-27T10:10:00Z,340,460,RW20L,,TARE1G,,,TARED P646 BETNO
TLM348,B738,VTSS,VTBD,2026-09-27T10:10:00Z,370,450,RW26,RW21R,DAND1C,SABA3A,R21R,DANDO M769 GOKEX Y96 EMTIX Y99 HOTEL DCT SABAI
AIQ2407,A20N,RJFF,VTBD,2026-09-27T10:15:00Z,320,455,,RW21R,,NAKO3A,R21R,VTN R470 UDN W21 NOBER
AIC6091,A20N,VIDP,VTSP,2026-09-27T10:20:00Z,310,455,,RW27,,SATV1D,,TAVUN L759 SATVA
IGO3265,A21N,VIDP,WSSS,2026-09-27T10:20:00Z,350,445,,,,,,TAVUN L759 PUT B579 DALAN
UEA8725,A320,ZUTF,VTBS,2026-09-27T10:20:00Z,360,445,,RW19,,NORT1C,R19,YAKUA B346 NOBER
AIQ4934,A320,VTBD,VTSS,2026-09-27T10:25:00Z,320,455,RW21L,RW26,KASN3C,OBLE1A,R26,KASNI M757 OBLEX
CXA954,B38M,ZSAM,VTBS,2026-09-27T10:25:00Z,320,445,,RW19,,EAST1C,R19,SAV A202 RAMEI W42 PAKRI Y13 RUKSA
GIA202,B738,WIII,VTBS,2026-09-27T10:25:00Z,380,445,,RW19,,TUMG1C,R19,ABTOK M644 ALUMO Y12 ALEMI
MMA564,A320,VYYY,VTBS,2026-09-27T10:25:00Z,330,445,,RW19,,WILA1C,R19,BETNO P646 TARED
TAX857,A333,RJAA,VTBD,2026-09-27T10:25:00Z,340,490,,RW21R,,ENDU3A,R21R,BUTRA A1 UBL Y20 UBLOD
THY64,A359,WSSS,LTFM,2026-09-27T10:25:00Z,380,495,,,,,,DUBAX R325 PUT L759 TAVUN
LAO166,AT76,VLSK,VLVT,2026-09-27T10:30:00Z,180,280,,,,,,SAV B460 ROT R470 VTN
UBA826,B738,VYYY,VTBS,2026-09-27T10:30:00Z,330,455,,RW19,,WILA1C,R19,BETNO P646 TARED
AIQ4533,A320,VTBD,WMKP,2026-09-27T10:35:00Z,380,455,RW21L,,KASN3C,,,KASNI M757 KARMI
AIQ613,A320,VTBS,VTSP,2026-09-27T10:35:00Z,320,455,RW20L,RW27,VANK1G,SAVS1D,,VANKO Y8 SAVSA
AIQ3150,A21N,VTBD,VTSG,2026-09-27T10:40:00Z,360,445,RW21L,RW32,SABI3C,NULM1E,R32,SABIS Y8 SAPUD W32 NULMA
AIQ661,A320,VTSP,VTCC,2026-09-27T10:40:00Z,370,445,RW27,RW36,IGEV1B,MARN2A,R36,IGEVI Y5 EGUBO Y99 BKK Y26 MARNI
CQH7254,A320,VTCC,ZLXY,2026-09-27T10:40:00Z,310,450,RW36,,ADLU2N,,,ADLUS A581 PONUK
CQH9791,A20N,ZLXY,VTBS,2026-09-27T10:40:00Z,340,450,,RW19,,NORT1C,R19,YAKUA B346 NOBER
THA838,A320,VTBS,VTSS,2026-09-27T10:40:00Z,300,450,RW20L,RW26,KASN1G,OBLE1A,R26,KASNI M757 OBLEX
THY178,A333,LTFM,VTBS,2026-09-27T10:40:00Z,390,490,,RW19,,WILA1C,R19,LUDVI L507 IGONI
AIQ371,A320,VVTS,VTBD,2026-09-27T10:45:00Z,320,445,,RW21R,,SEHN3A,R21R,VAPVU P629 NUGPA
AIQ9735,A320,VTSG,VTBD,2026-09-27T10:45:00Z,370,440,RW14,RW21R,OSPE1G,SABA3A,R21R,OSPEX Y99 HOTEL DCT SABAI
AXB861,B77W,VTBS,VOBL,2026-09-27T10:45:00Z,340,495,RW20L,,PAST1G,,,PASTO L301 TANEK
JYH5192,B38M,ZGGG,VTBS,2026-09-27T10:45:00Z,320,450,,RW19,,EAST1C,R19,SAV A202 RAMEI W42 PAKRI Y13 RUKSA
THA161,A320,VTBS,VYYY,2026-09-27T10:45:00Z,340,450,RW20L,,TARE1G,,,TARED G463 BETNO
AIC2167,A20N,VABB,VTBS,2026-09-27T10:50:00Z,310,455,,RW19,,WILA1C,R19,PUMOR L877 MIGAR L524 IBETO
AIQ9062,A320,VTUV,VTBD,2026-09-27T10:50:00Z,300,455,RW18,RW21R,ANKI1A,ENDU3A,R21R,W38 RAMEI Y20 UBLOD DCT ENDUU
CES9525,B738,ZPPP,VTCC,2026-09-27T10:50:00Z,340,455,,RW36,,MONL2A,R36,VTN R207 MONLO
CPA930,B77W,VHHH,VTBS,2026-09-27T10:50:00Z,340,490,,RW19,,EAST1C,R19,SAV A202 RAMEI W42 PAKRI Y13 RUKSA
CQH4276,A20N,ZLXY,VTBS,2026-09-27T10:50:00Z,340,440,,RW19,,NORT1C,R19,YAKUA B346 NOBER
FDX1897,B77L,ZGGG,VOBL,2026-09-27T10:50:00Z,340,480,,,,,,SAV B460 KRT Y20 MALKI DCT TANEK
THA187,A320,VTUK,VTBS,2026-09-27T10:50:00Z,220,445,RW21,RW19,EMRU1B,EAST1C,R19,Y22/Y23 KKN Y23 KRT Y20 UBLOD DCT EASTE
CES5227,B738,ZPPP,VTBS,2026-09-27T11:00:00Z,340,450,,RW19,,NORT1C,R19,VTN R470 UDN W21 NOBER
AIQ885,A320,VTBD,VTSP,2026-09-27T11:05:00Z,380,445,RW21L,RW27,SABI3C,SAVS1D,,SABIS Y8 SAVSA
ETD582,A35K,VTCC,OMAA,2026-09-27T11:05:00Z,320,490,RW36,,LAMU2N,,,LAMUN R207 SISUK
AIQ4082,A320,VTBS,VTSF,2026-09-27T11:10:00Z,340,460,RW20L,RW19,KASN1G,,R19,KASNI M757 LOSDA Y94 NKS
AIC5029,A20N,VIDP,VVTS,2026-09-27T11:15:00Z,370,455,,,,,,LUDVI L507 BKK N506 BOKAK
AIQ976,A320,VTCC,VTBD,2026-09-27T11:15:00Z,330,455,RW36,RW21R,PANT2C,NAKO3A,R21R,PANTA Y7 BLAFF DCT NAKON
AMU700,A21N,VMMC,VTBS,2026-09-27T11:20:00Z,340,445,,RW19,,EAST1C,R19,SAV A202 RAMEI W42 PAKRI Y13 RUKSA
TVJ856,A321,RCTP,VTBS,2026-09-27T11:25:00Z,340,440,,RW19,,EAST1C,R19,BUTRA A1 UBL Y20 GRASO Y13 RUKSA
AIQ8828,A320,VTSP,VTBS,2026-09-27T11:30:00Z,350,460,RW27,RW19,EMRI1B,LEBI1C,R19,EMRIT Y99 NONEL Y98 LEBIM
RNA905,A320,WMKK,VNKT,2026-09-27T11:30:00Z,340,460,,,,,,DUBAX R325 PUT L515 IKULA
AIQ650,A20N,VTBD,VTCT,2026-09-27T11:35:00Z,380,455,RW21L,RW03,UGUV3C,,R03,UGUVO Y27 IKISU W22 BENVI
HKE210,A21N,VHHH,VTBS,2026-09-27T11:35:00Z,360,455,,RW19,,EAST1C,R19,SAV A202 RAMEI W42 PAKRI Y13 RUKSA
TLM268,B738,VTBD,VTSS,2026-09-27T11:35:00Z,340,445,RW21L,RW26,KASN3C,OBLE1A,R26,KASNI M757 OBLEX
AIQ1615,A320,VTSB,VTBD,2026-09-27T11:40:00Z,330,450,RW04,RW21R,NIXE1D,SABA3A,R21R,NIXET Y99 HOTEL DCT SABAI
AIQ7682,A320,VTBD,VTUV,2026-09-27T11:40:00Z,270,455,RW21L,RW36,ROBK3C,,R36,ROBKA A1 TOPER W42 RAMEI W38
NOK187,B738,VTBD,VTUI,2026-09-27T11:40:00Z,350,440,RW21L,RW23,ROBK3C,,R23,ROBKA A1 SELKA Y14 KRT Y23 KKN Y23/Y22
QTR576,A388,OTHH,VTBS,2026-09-27T11:40:00Z,330,495,,RW19,,WILA1C,R19,NURDA L524 IBETO
THA703,A320,VTBS,VTSS,2026-09-27T11:40:00Z,340,455,RW20L,RW26,KASN1G,OBLE1A,R26,KASNI M757 OBLEX
ESR849,B38M,VTCC,RKPK,2026-09-27T11:45:00Z,350,455,RW36,,MONL2C,,,MONLO R207 NAN R215 TOMIP
VJC131,A321,VVTS,VTBS,2026-09-27T11:45:00Z,320,445,,RW19,,TUMG1C,R19,VAPVU P629 NUGPA
HKE851,A21N,VHHH,VTSP,2026-09-27T11:50:00Z,320,450,,RW27,,SAVS1D,,BUTRA A1 UBL W1 RAMEI W42 MENEX Y8 SAVSA
BKP985,A319,VHHH,VTSM,2026-09-27T11:55:00Z,320,460,,RW17,,,R17,SAV A202 RAMEI W42 ASEKU M757 MABKO W33 UPNEP
THA990,A320,VTBS,VTSG,2026-09-27T12:00:00Z,360,445,RW20L,RW32,VANK1G,NULM1E,R32,VANKO Y8 SAPUD W32 NULMA
AIQ934,A320,RCKH,VTBD,2026-09-27T12:05:00Z,300,445,,RW21R,,ENDU3A,R21R,BUTRA A1 UBL Y20 UBLOD
AIQ9544,A320,VYYY,VTBD,2026-09-27T12:05:00Z,350,445,,RW21R,,WEHA3A,R21R,BETNO P646 TARED
MAS295,B738,WMKK,VIDP,2026-09-27T12:05:00Z,360,440,,,,,,DUBAX R325 PUT L759 TAVUN
MXD936,B738,WMKK,VIDP,2026-09-27T12:05:00Z,360,445,,,,,,DUBAX R325 PUT L759 TAVUN
AIQ9703,A320,VTPP,VTBD,2026-09-27T12:10:00Z,210,455,RW32,RW21R,PEBL1B,NAKO3A,R21R,PEBLI Y28 BLAFF DCT NAKON
AIQ729,A320,VTSG,VTBD,2026-09-27T12:15:00Z,370,445,RW14,RW21R,OSPE1G,SABA3A,R21R,OSPEX Y99 HOTEL DCT SABAI
MAS462,B738,WMKK,VTSP,2026-09-27T12:15:00Z,340,445,,RW27,,URGA1D,,DUBAX R325 URGAD
TLM852,B738,VTBD,VTUD,2026-09-27T12:15:00Z,290,445,RW21L,RW30,ROBK3C,ANPU1C,R30,ROBKA A1 SELKA Y14 KRT Y23 KKN Y23/Y22
AIQ8416,A320,VTUI,VTBD,2026-09-27T12:20:00Z,340,445,RW05,RW21R,OMNI,ENDU3A,R21R,Y22/Y23 KKN Y23 KRT Y20 UBLOD DCT ENDUU
BKP506,AT76,VTSP,VTSM,2026-09-27T12:20:00Z,130,275,RW27,RW17,EMRI1B,,R17,EMRIT Y99 AKVUG Y93 SMU
THA690,A320,VTCC,VTBS,2026-09-27T12:20:00Z,370,445,RW36,RW19,PANT2C,NORT1C,R19,PANTA Y7 BLAFF DCT NORTA
TLM190,B738,VTBD,VTUU,2026-09-27T12:20:00Z,330,450,RW21L,RW05,ROBK3C,VENP1C,R05,ROBKA A1
VJC463,A321,VVTS,VTBS,2026-09-27T12:20:00Z,320,445,,RW19,,TUMG1C,R19,VAPVU P629 NUGPA
BKP158,A319,VTSM,VTBS,2026-09-27T12:25:00Z,290,445,RW17,RW19,OLBA1A,LEBI1C,R19,OLBAG Y17 DONSI M769 LEBIM
HVN496,A321,VVNB,VTBS,2026-09-27T12:25:00Z,360,440,,RW19,,NORT1C,R19,VTN R470 UDN W21 NOBER
TAX766,A333,VTBD,RKSI,2026-09-27T12:25:00Z,330,475,RW21L,,UPKU3C,,,UPKUP Y16 BUTRA
BKP381,AT76,VTBS,VTSM,2026-09-27T12:30:00Z,180,280,RW20L,RW17,KASN1G,,R17,KASNI M757 MABKO W33 SMU
EVA323,B77W,VTBS,RCTP,2026-09-27T12:30:00Z,370,480,RW20L,,LIPL1G,,,LIPLI Y16 BUTRA
AFL397,A20N,VTBS,UIII,2026-09-27T12:35:00Z,310,445,RW20L,,UGUV1G,,,UGUVO Y27 PIBAN Y29 PSL W26 CMP W21 UDN R470 VTN
AWQ570,A320,WADD,VTSP,2026-09-27T12:35:00Z,360,445,,RW27,,EPGO1D,,PASVA A334 HTY W14 EPGOT
MAS853,B38M,VGHS,WMKK,2026-09-27T12:35:00Z,330,455,,,,,,EKAVO M626 IKOGA DCT PASVA
THA720,A320,VTBS,VTSP,2026-09-27T12:35:00Z,320,440,RW20L,RW27,VANK1G,SAVS1D,,VANKO Y8 SAVSA
AIQ8896,A320,VTBD,VTUK,2026-09-27T12:40:00Z,330,460,RW21L,RW03,ROBK3C,,R03,ROBKA A1 SELKA Y14 KRT Y23 KKN Y23/Y22
CQH6115,A320,VTBS,ZGGG,2026-09-27T12:40:00Z,330,440,RW20L,,SELK1R,,,SELKA A1 SANOT Y15 GUROK A202 SAV
CSN5087,B38M,ZGGG,VYYY,2026-09-27T12:40:00Z,340,445,,,,,,TOMIP R215 NAN R202 BIGVO A581 BOMAS
BKP178,A320,VTBS,VTCC,2026-09-27T12:45:00Z,340,450,RW20L,RW36,OLVU1G,MARN2A,R36,OLVUK Y26 MARNI
BKP179,AT76,VTSM,VTSP,2026-09-27T12:45:00Z,140,280,RW17,RW27,DORN1A,SAVS1D,,DORNA W32 SAPUD Y8 SAVSA
TVJ131,B38M,RKSI,VTBS,2026-09-27T12:45:00Z,320,450,,RW19,,EAST1C,R19,BUTRA A1 UBL Y20 GRASO Y13 RUKSA
MJJ853,A320,VVPQ,VTBD,2026-09-27T12:50:00Z,360,445,,RW21R,,SEHN3A,R21R,SAKDA R334 RYN
SAS464,B77W,VTBS,EKCH,2026-09-27T12:50:00Z,320,490,RW20L,,TARE1G,,,TARED P646 BETNO
AIQ4762,A320,VTSR,VTBD,2026-09-27T12:55:00Z,350,455,RW02,RW21R,SAKU1A,SABA3A,R21R,RAN W34 MENEX W42 EGUBO Y99 HOTEL DCT SABAI
CQH8248,A320,VTBS,ZUTF,2026-09-27T13:00:00Z,350,450,RW20L,,NOBE1R,,,NOBER B346 YAKUA
UAE732,B77W,RPLL,OMDB,2026-09-27T13:00:00Z,320,495,,,,,,TUPGO M633 TANEK
AIQ9177,A320,VTBD,ZUCK,2026-09-27T13:05:00Z,330,440,RW21L,,NOBE4C,,,NOBER B346 YAKUA
THA672,B77W,EDDF,VTBS,2026-09-27T13:05:00Z,330,485,,RW19,,WILA1C,R19,BETNO P646 TARED
CES1892,B789,WSSS,ZPPP,2026-09-27T13:15:00Z,380,495,,,,,,ABTOK M644 RYN N891 BKK Y27 IKISU W22 CTR A581 PONUK
MAS993,B38M,VTBS,WMKK,2026-09-27T13:15:00Z,330,445,RW20L,,KASN1G,,,KASNI M757 KARMI
CXA745,A21N,VTBS,ZSAM,2026-09-27T13:20:00Z,350,445,RW20L,,SELK1R,,,SELKA A1 SANOT Y15 GUROK A202 SAV
WHK164,A320,VTBD,VTCC,2026-09-27T13:20:00Z,320,460,RW21L,RW36,OLVU3C,MARN2A,R36,OLVUK Y26 MARNI
BKP906,A319,VTCC,VTBS,2026-09-27T13:25:00Z,310,450,RW36,RW19,PANT2C,NORT1C,R19,PANTA Y7 BLAFF DCT NORTA
QTR847,B788,OTHH,VTSP,2026-09-27T13:25:00Z,330,475,,RW27,,UBNE1D,,SAPAM L645 UBNEN
MMA575,A319,WSSS,VYYY,2026-09-27T13:30:00Z,380,440,,,,,,KADAX M626 EKAVO
TGW697,B788,VTBS,WSSS,2026-09-27T13:30:00Z,370,485,RW20L,,BUT1G,,,BUT Y11 PASVA
THA702,A359,VTBS,ZSPD,2026-09-27T13:30:00Z,350,480,RW20L,,SELK1R,,,SELKA A1 SANOT Y15 GUROK A202 SAV
TVJ180,A320,VTBS,VABB,2026-09-27T13:30:00Z,340,440,RW20L,,PAST1G,,,PASTO L301 TANEK
AIQ4805,A20N,VTBD,VTCC,2026-09-27T13:35:00Z,320,450,RW21L,RW36,OLVU3C,MARN2A,R36,OLVUK Y26 MARNI
CSZ151,A320,ZGSZ,VTBS,2026-09-27T13:35:00Z,320,445,,RW19,,EAST1C,R19,SAV A202 RAMEI W42 PAKRI Y13 RUKSA
AIQ257,A21N,WSSS,VTBD,2026-09-27T13:40:00Z,340,445,,RW21R,,SEHN3A,R21R,ABTOK M644 ALUMO Y12 ALEMI
MXD377,B738,VTBD,WMKJ,2026-09-27T13:40:00Z,350,440,RW21L,,KIGO3C,,,KIGOB Y11 PASVA
CDC2833,A320,ZSHC,VTBS,2026-09-27T13:45:00Z,320,450,,RW19,,EAST1C,R19,SAV A202 RAMEI W42 PAKRI Y13 RUKSA
THA616,A359,VTBS,ENGM,2026-09-27T13:45:00Z,380,490,RW20L,,TARE1G,,,TARED P646 BETNO
ETD894,A35K,OMAA,VTBS,2026-09-27T13:50:00Z,350,475,,RW19,,WILA1C,R19,NURDA L524 IBETO
NOK901,B738,VTSP,VTBD,2026-09-27T13:50:00Z,370,460,RW27,RW21R,IGEV1B,SABA3A,R21R,IGEVI Y5 EGUBO Y99 HOTEL DCT SABAI
ABL5799,A21N,VTBS,RKSI,2026-09-27T13:55:00Z,350,445,RW20L,,LIPL1G,,,LIPLI Y16 BUTRA
AIQ2198,A320,VTBD,VTCT,2026-09-27T14:00:00Z,360,445,RW21L,RW03,UGUV3C,,R03,UGUVO Y27 IKISU W22 BENVI
TLM240,B738,VTSB,VTBD,2026-09-27T14:00:00Z,350,445,RW04,RW21R,NIXE1D,SABA3A,R21R,NIXET Y99 HOTEL DCT SABAI
THA839,B788,VTBS,WMKK,2026-09-27T14:05:00Z,410,480,RW20L,,KASN1G,,,KASNI M757 KARMI
AXM940,A320,VTBD,WMKK,2026-09-27T14:10:00Z,370,440,RW21L,,KIGO3C,,,KIGOB Y11 PASVA
CSN1029,B38M,VTBS,ZGGG,2026-09-27T14:10:00Z,370,455,RW20L,,SELK1R,,,SELKA A1 SANOT Y15 GUROK A202 SAV
CRK166,A320,VTBS,VHHH,2026-09-27T14:15:00Z,370,450,RW20L,,SELK1R,,,SELKA A1 SANOT Y15 GUROK A202 SAV
CSC6556,A21N,ZUTF,VTSP,2026-09-27T14:15:00Z,340,450,,RW27,,IGEV1D,,VTN R470 ELNET
AIQ412,A20N,VTBD,VTPP,2026-09-27T14:20:00Z,200,450,RW21L,RW32,UGUV3C,,R32,UGUVO Y27 PIBAN
AXM64,A320,VTSG,WMKK,2026-09-27T14:20:00Z,370,445,RW14,,TUNR1G,,,TUNRA W32 TRN W14 HTY A464 KARMI
AIQ1286,A320,VTSG,VTCC,2026-09-27T14:25:00Z,370,455,RW14,RW36,OSPE1G,MARN2A,R36,OSPEX Y99 BKK Y26 MARNI
BKP860,AT76,VTBS,VTBO,2026-09-27T14:25:00Z,150,275,RW20L,,RYN1G,,,RYN
KLM393,B789,WMKK,EHAM,2026-09-27T14:30:00Z,260,480,,,,,,DUBAX R325 PUT L759 TAVUN
TLM265,B738,VTSB,VTBD,2026-09-27T14:30:00Z,350,440,RW04,RW21R,NIXE1D,SABA3A,R21R,NIXET Y99 HOTEL DCT SABAI
AIQ8262,A320,VTBD,VTSB,2026-09-27T14:40:00Z,340,450,RW21L,RW22,SABI3C,IKER1A,R22,SABIS Y8 IKERA
SIA79,B78X,VGHS,WSSS,2026-09-27T14:45:00Z,290,480,,,,,,EKAVO M626 IKOGA Y24 PASVA
AFR880,A359,LFPG,VVTS,2026-09-27T15:00:00Z,370,480,,,,,,TAVUN L759 PUT R588 BASIT
AIQ736,A320,VTBS,VTSC,2026-09-27T15:10:00Z,330,450,RW20L,RW20,KASN1G,,R20,KASNI M757 ROBDA W19 NTW
AIQ8088,A320,VTBD,VTSG,2026-09-27T15:10:00Z,340,445,RW21L,RW32,SABI3C,NULM1E,R32,SABIS Y8 SAPUD W32 NULMA
KAL629,B77W,VTBS,RKSI,2026-09-27T15:10:00Z,350,485,RW20L,,LIPL1G,,,LIPLI Y16 BUTRA
THA600,A359,VTBS,YMML,2026-09-27T15:10:00Z,350,485,RW20L,,BUT1G,,,BUT M904 TIDAR
ETH929,B77L,VTBS,HAAB,2026-09-27T15:15:00Z,360,485,RW20L,,PAST1G,,,PASTO L301 TANEK
CAL3466,A333,VTBS,VVNB,2026-09-27T15:20:00Z,330,475,RW20L,,UGUV1G,,,UGUVO Y27 PIBAN Y29 PSL W26 CMP W21 UDN R470 VTN
THA595,A320,VTBS,VYYY,2026-09-27T15:20:00Z,340,440,RW20L,,TARE1G,,,TARED G463 BETNO
AIQ9496,A320,VTBD,ZUCK,2026-09-27T15:25:00Z,310,450,RW21L,,NOBE4C,,,NOBER B346 YAKUA
HVN342,A321,VVNB,VTBS,2026-09-27T15:25:00Z,320,460,,RW19,,NORT1C,R19,VTN R470 UDN W21 NOBER
THA730,A359,VTBS,ZSPD,2026-09-27T15:25:00Z,350,480,RW20L,,SELK1R,,,SELKA A1 SANOT Y15 GUROK A202 SAV
AIQ8974,A320,VTBD,VVPQ,2026-09-27T15:30:00Z,330,455,RW21L,,RYN3C,,,RYN R334 SAKDA
MMA406,A319,VVTS,VYYY,2026-09-27T15:30:00Z,360,455,,,,,,VAPVU P629 BKK L507 LUDVI
JAL530,B789,VTBS,RJTT,2026-09-27T15:35:00Z,390,480,RW20L,,LIPL1G,,,LIPLI Y16 BUTRA
MMA258,A319,VYYY,WSSS,2026-09-27T15:35:00Z,350,450,,,,,,EKAVO M626 IKOGA DCT PASVA
THA494,B77W,VTBS,RJAA,2026-09-27T15:35:00Z,310,475,RW20L,,LIPL1G,,,LIPLI Y16 BUTRA
CRK514,A320,VTBS,VHHH,2026-09-27T15:40:00Z,370,450,RW20L,,SELK1R,,,SELKA A1 SANOT Y15 GUROK A202 SAV
DLH587,B744,EDDF,WSSS,2026-09-27T15:40:00Z,290,485,,,,,,TAVUN L759 PUT W14 HTY A334 PASVA
DKH998,B789,VTBS,ZSPD,2026-09-27T15:45:00Z,330,490,RW20L,,SELK1R,,,SELKA A1 SANOT Y15 GUROK A202 SAV
VJC783,A21N,VABB,VVTS,2026-09-27T15:45:00Z,330,445,,,,,,TANEK L301 BKK N506 BOKAK
CCA861,B738,ZBAA,VTCC,2026-09-27T16:05:00Z,320,450,,RW36,,ADLU2A,R36,PONUK A581 ADLUS
MAS371,B738,WMKK,VTCC,2026-09-27T16:15:00Z,360,450,,RW36,,MARN2A,R36,RIGTO M769 BKK Y26 MARNI
THY63,B77W,WSSS,LTFM,2026-09-27T16:20:00Z,380,490,,,,,,DUBAX R325 PUT L759 TAVUN
AIC8414,B77W,VIDP,YMML,2026-09-27T16:25:00Z,290,475,,,,,,TAVUN L759 PUT B579 DALAN
UAE489,A359,VVTS,OMDB,2026-09-27T16:25:00Z,320,480,,,,,,VAPVU P629 BKK
SIA573,B78X,WSSS,ZUTF,2026-09-27T16:30:00Z,310,485,,,,,,ABTOK M644 RYN N891 BKK B346 YAKUA
THA944,A359,VTBS,YMML,2026-09-27T16:30:00Z,330,480,RW20L,,BUT1G,,,BUT M904 TIDAR
AFL644,A20N,VTBS,UIII,2026-09-27T16:35:00Z,330,445,RW20L,,UGUV1G,,,UGUVO Y27 PIBAN Y29 PSL W26 CMP W21 UDN R470 VTN
QTR227,B77W,RPLL,OTHH,2026-09-27T16:35:00Z,320,480,,,,,,TUPGO M633 TANEK
TVJ496,A320,VTBS,VABB,2026-09-27T16:40:00Z,340,460,RW20L,,PAST1G,,,PASTO L301 TANEK
SIA848,B38M,VTSP,WSSS,2026-09-27T16:45:00Z,350,455,RW27,,EPGO1B,,,EPGOT W14 HTY A334 PASVA
TLM188,B739,VTBD,RCTP,2026-09-27T16:45:00Z,330,450,RW21L,,UPKU3C,,,UPKUP Y16 BUTRA
CCA329,A320,ZUTF,WIII,2026-09-27T16:50:00Z,310,455,,,,,,YAKUA B346 BKK M904 BUT Y11 PASVA
HVN958,A321,VTBS,VVNB,2026-09-27T16:50:00Z,350,445,RW20L,,UGUV1G,,,UGUVO Y27 PIBAN Y29 PSL W26 CMP W21 UDN R470 VTN
UAE620,B77W,VHHH,OMDW,2026-09-27T16:50:00Z,280,475,,,,,,SAV A202 OKENA W43 CMP G473 MAKAS
CSN840,A20N,ZGGG,VTBS,2026-09-27T16:55:00Z,320,445,,RW19,,EAST1C,R19,SAV A202 RAMEI W42 PAKRI Y13 RUKSA
SIA803,B38M,WSSS,VTSP,2026-09-27T17:00:00Z,380,440,,RW27,,URGA1D,,DUBAX R325 URGAD
CSC8250,A21N,WMKK,ZUCK,2026-09-27T17:15:00Z,350,445,,,,,,RIGTO M769 BKK B346 YAKUA
BBC363,B738,VGHS,WSSS,2026-09-27T17:25:00Z,270,450,,,,,,EKAVO M626 IKOGA Y24 PASVA
CCA915,A321,ZUTF,VTBS,2026-09-27T17:30:00Z,340,445,,RW19,,NORT1C,R19,YAKUA B346 NOBER
CPA201,A21N,VHHH,VTBS,2026-09-27T17:30:00Z,340,445,,RW19,,EAST1C,R19,SAV A202 RAMEI W42 PAKRI Y13 RUKSA
TUA188,A332,UTAA,VVTS,2026-09-27T17:40:00Z,350,485,,,,,,BETNO G463 BKK N506 BOKAK
CAL261,B738,VTBS,RCKH,2026-09-27T17:45:00Z,330,445,RW20L,,LIPL1G,,,LIPLI Y16 BUTRA
AFR214,A359,LFPG,VTBS,2026-09-27T17:55:00Z,310,485,,RW19,,WILA1C,R19,BETNO P646 TARED
CQH4755,A20N,VTSP,ZGGG,2026-09-27T17:55:00Z,350,460,RW27,,EMRI1B,,,EMRIT Y99 NONEL Y98 SURMA W42 TOPER A1 SANOT Y15 GUROK A202 SAV
CSH118,B738,VTBS,ZSPD,2026-09-27T18:00:00Z,330,455,RW20L,,SELK1R,,,SELKA A1 SANOT Y15 GUROK A202 SAV
THA452,A320,VABB,VTBS,2026-09-27T18:05:00Z,370,445,,RW19,,WILA1C,R19,PUMOR L877 MIGAR L524 IBETO
AIC2929,A20N,VIDP,VTSP,2026-09-27T18:10:00Z,290,460,,RW27,,SATV1D,,TAVUN L759 SATVA
AIQ5167,A320,VTBD,VVDN,2026-09-27T18:10:00Z,310,450,RW21L,,UPKU3C,,,UPKUP Y16 BUTRA
THA592,A320,WSSS,VTBS,2026-09-27T18:15:00Z,380,445,,RW19,,TUMG1C,R19,ABTOK M644 ALUMO Y12 ALEMI
PAL788,B77W,RPLL,OERK,2026-09-27T18:40:00Z,300,485,,,,,,TUPGO M633 TANEK
QTR2177,B77W,VTSP,OTHH,2026-09-27T18:40:00Z,380,485,RW27,,UBNE1B,,,UBNEN L645 SAPAM
AIC3489,A20N,VIDP,WMKK,2026-09-27T18:45:00Z,350,440,,,,,,EKAVO M626 IKOGA DCT PASVA
CRK179,A320,VHHH,VTBS,2026-09-27T18:55:00Z,320,460,,RW19,,EAST1C,R19,SAV A202 RAMEI W42 PAKRI Y13 RUKSA
HGB855,B39M,VTBS,VHHH,2026-09-27T18:55:00Z,350,460,RW20L,,SELK1R,,,SELKA A1 SANOT Y15 GUROK A202 SAV
AMU599,A321,VMMC,VTBS,2026-09-27T19:00:00Z,320,455,,RW19,,EAST1C,R19,SAV A202 RAMEI W42 PAKRI Y13 RUKSA
CSC1819,A21N,VTSP,ZUTF,2026-09-27T19:10:00Z,350,455,RW27,,EMRI1B,,,EMRIT Y99 BKK Y27 IBUBU W25 NAN R215 TOMIP
MXD982,B38M,OPLA,WMKK,2026-09-27T19:15:00Z,270,445,,,,,,TAVUN L759 PUT B579 DALAN
CAL910,A21N,RCTP,VTCC,2026-09-27T19:20:00Z,320,455,,RW36,,MONL2A,R36,VTN R207 MONLO
THA928,B772,VTBS,RCTP,2026-09-27T19:25:00Z,370,475,RW20L,,LIPL1G,,,LIPLI Y16 BUTRA
MXD415,B38M,WMKK,ZPPP,2026-09-27T19:30:00Z,330,445,,,,,,RIGTO M769 BKK Y27 IBUBU W25 NAN R215 TOMIP
MXD397,A333,WMKK,VGHS,2026-09-27T19:40:00Z,360,485,,,,,,RIGTO M769 SORTO M626 EKAVO
PAL650,A321,RPLL,VTBS,2026-09-27T19:45:00Z,320,450,,RW19,,TUMG1C,R19,TUPGO M633 DULEM DCT GOMES
THA128,A359,VTBS,LIMC,2026-09-27T19:45:00Z,360,495,RW20L,,TARE1G,,,TARED P646 BETNO
CCA720,B738,ZBAA,VTCC,2026-09-27T20:00:00Z,320,440,,RW36,,ADLU2A,R36,PONUK A581 ADLUS
TGW645,E290,VTSM,WSSS,2026-09-27T20:10:00Z,330,445,RW17,,RUMV1A,,,RUMVA Y95 IKOGA Y24 PASVA
AKJ381,B38M,VTSP,VOBL,2026-09-27T20:15:00Z,340,450,RW27,,UBNE1B,,,UBNEN L645 SAPAM
TVJ528,B38M,VTBS,VVPQ,2026-09-27T20:20:00Z,330,450,RW20L,,RYN1G,,,RYN R334 SAKDA
ALK922,A332,RJAA,VCBI,2026-09-27T21:00:00Z,340,485,,,,,,BUTRA A1 UBL Y20 BKK L301 TANEK
BOX480,B77L,VHHH,VOBL,2026-09-27T21:00:00Z,340,495,,,,,,BUTRA A1 UBL Y20 BKK L301 TANEK
DLH566,A359,EDDM,WSSS,2026-09-27T21:00:00Z,350,480,,,,,,EKAVO M626 IKOGA Y24 PASVA
QTR1241,B77W,RPLL,OTHH,2026-09-27T21:10:00Z,340,480,,,,,,TUPGO M633 TANEK
KAL407,A333,RKSI,VTBS,2026-09-27T21:15:00Z,400,475,,RW19,,EAST1C,R19,BUTRA A1 UBL Y20 GRASO Y13 RUKSA
LAO966,AT75,VLVT,VLPS,2026-09-27T21:15:00Z,190,265,,,,,,VTN R470 UBL B202 PAK
LAO260,AT76,VLSK,VLVT,2026-09-27T21:20:00Z,140,275,,,,,,SAV B460 ROT R470 VTN
BKP272,AT76,VDSA,VTBS,2026-09-27T21:25:00Z,160,270,,RW19,,TUMG1C,R19,BOKAK B205 OLDIR P629 NUGPA
MMA842,A320,VYYY,VTBS,2026-09-27T21:25:00Z,310,450,,RW19,,WILA1C,R19,BETNO P646 TARED
LAO298,AJ27,VLVT,VTBS,2026-09-27T21:35:00Z,340,455,,RW19,,NORT1C,R19,VTN R474 CMP W21 NOBER
CES6199,B789,WSSS,ZPPP,2026-09-27T21:50:00Z,360,480,,,,,,ABTOK M644 RYN N891 BKK Y27 IKISU W22 CTR A581 PONUK
MMA180,A319,VYMD,VTBD,2026-09-27T22:10:00Z,330,450,,RW21R,,WEHA3A,R21R,LUDVI L507 IGONI
AAR104,A359,VTBS,RKSI,2026-09-27T22:20:00Z,330,490,RW20L,,LIPL1G,,,LIPLI Y16 BUTRA
SIA314,A359,EGKK,WSSS,2026-09-27T22:35:00Z,230,480,,,,,,TAVUN L759 PUT W14 HTY A334 PASVA
AAR276,A359,RKSI,VTBS,2026-09-27T22:40:00Z,360,480,,RW19,,EAST1C,R19,BUTRA A1 UBL Y20 GRASO Y13 RUKSA
AIQ2769,A320,VTUV,VTBD,2026-09-27T22:40:00Z,300,455,RW18,RW21R,ANKI1A,ENDU3A,R21R,W38 RAMEI Y20 UBLOD DCT ENDUU
CPA630,A359,VHHH,FAOR,2026-09-27T22:40:00Z,340,490,,,,,,SAKDA R575 SAKDA
AIQ5049,A20N,VTBD,VRMM,2026-09-27T22:50:00Z,320,450,RW21L,,PAST3C,,,PASTO L301 TANEK
SIA837,B78X,WSSS,VTBS,2026-09-27T22:55:00Z,360,490,,RW19,,TUMG1C,R19,ABTOK M644 ALUMO Y12 ALEMI
TAX398,A333,RJCC,VTBD,2026-09-27T22:55:00Z,380,480,,RW21R,,ENDU3A,R21R,BUTRA A1 UBL Y20 UBLOD
THA387,A333,WIII,VTBS,2026-09-27T22:55:00Z,380,475,,RW19,,TUMG1C,R19,ABTOK M644 ALUMO Y12 ALEMI
MJJ737,B738,VTBD,VTUW,2026-09-27T23:00:00Z,350,445,RW21L,RW15,ROBK3C,,R15,ROBKA A1 SELKA Y14 KRT Y23 KKN Y23/Y22
AIQ590,A320,VTSP,VTBS,2026-09-27T23:05:00Z,350,450,RW27,RW19,EMRI1B,LEBI1C,R19,EMRIT Y99 NONEL Y98 LEBIM
AIQ8283,A320,VTBD,VTCC,2026-09-27T23:05:00Z,360,445,RW21L,RW36,OLVU3C,MARN2A,R36,OLVUK Y26 MARNI
BKP763,A319,VTSS,VTSB,2026-09-27T23:05:00Z,120,450,RW26,RW22,ELRE1C,TOGI1A,R22,ELREM W17 SAPUD
THA252,A320,VTBS,VYYY,2026-09-27T23:05:00Z,360,455,RW20L,,TARE1G,,,TARED G463 BETNO
AIQ477,A320,VTBS,VTCC,2026-09-27T23:10:00Z,320,460,RW20L,RW36,OLVU1G,MARN2A,R36,OLVUK Y26 MARNI
SIA287,B78X,WSSS,ZUTF,2026-09-27T23:10:00Z,350,490,,,,,,ABTOK M644 RYN N891 BKK B346 YAKUA
THA174,A359,LTFM,VTBS,2026-09-27T23:10:00Z,410,485,,RW19,,WILA1C,R19,LUDVI L507 IGONI
UAE780,A388,OMDB,VTBS,2026-09-27T23:15:00Z,310,495,,RW19,,WILA1C,R19,PUMOR L877 MIGAR L524 IBETO
NOK166,B738,VTSP,VTBD,2026-09-27T23:20:00Z,370,440,RW27,RW21R,IGEV1B,SABA3A,R21R,IGEVI Y5 EGUBO Y99 HOTEL DCT SABAI
AIQ978,A320,VTBD,VTSS,2026-09-27T23:25:00Z,380,445,RW21L,RW26,KASN3C,OBLE1A,R26,KASNI M757 OBLEX
BKP188,A319,VTSM,VTBS,2026-09-27T23:35:00Z,150,450,RW17,RW19,OLBA1A,LEBI1C,R19,OLBAG Y17 DONSI M769 LEBIM
BKP230,AT76,VTSM,VTBS,2026-09-27T23:35:00Z,170,270,RW17,RW19,OLBA1A,LEBI1C,R19,OLBAG Y17 DONSI M769 LEBIM
NOK514,B738,VTBD,VTUU,2026-09-27T23:40:00Z,290,445,RW21L,RW05,ROBK3C,VENP1C,R05,ROBKA A1
AIQ2762,A320,VTSG,VTCC,2026-09-27T23:45:00Z,370,440,RW14,RW36,OSPE1G,MARN2A,R36,OSPEX Y99 BKK Y26 MARNI
MAS162,B38M,VGHS,WMKK,2026-09-27T23:50:00Z,330,445,,,,,,EKAVO M626 IKOGA DCT PASVA
THA474,B77W,VTBS,EKCH,2026-09-27T23:50:00Z,320,490,RW20L,,TARE1G,,,TARED P646 BETNO
ANA540,B789,RJTT,VTBS,2026-09-27T23:55:00Z,360,480,,RW19,,EAST1C,R19,BUTRA A1 UBL Y20 GRASO Y13 RUKSA
HKE267,A21N,VHHH,VTBS,2026-09-27T23:55:00Z,340,455,,RW19,,EAST1C,R19,SAV A202 RAMEI W42 PAKRI Y13 RUKSA
